type,object_id,title,artist,price,currency,imageUrl,productUrl,description,roomId,galleryId,locationId,locationName,catalogueId,widthInches,heightInches,heightMeters,frame,scale
catalogue_item,cat_1,Diamond in the Rough card,Morning Coffee Artist,2,USD,https://morningcoffeeartist.myshopify.com/cdn/shop/files/rn-image_picker_lib_temp_c2179723-9d37-4aa8-ba9e-f722688f807b.jpg?v=1752939675,https://morningcoffeeartist.myshopify.com/products/diamond-in-the-rough-card,,,,,,,,,,,
catalogue_item,cat_2,Our Lives Are As An Unwritten Song,Morning Coffee Artist,40,USD,https://morningcoffeeartist.myshopify.com/cdn/shop/files/rn-image_picker_lib_temp_7d0ab824-694c-405e-ae6b-0e92fe32bbfa.jpg?v=1753160311,https://morningcoffeeartist.myshopify.com/products/our-lives-are-as-an-unwritten-song-1,,,,,,,,,,,
catalogue_item,cat_3,Bishop Budd & Reverend Martin Luther King JR,Morning Coffee Artist,2,USD,https://morningcoffeeartist.myshopify.com/cdn/shop/files/rn-image_picker_lib_temp_08c3035b-f822-4fe0-8eb7-f04af51c667a.jpg?v=1753160661,https://morningcoffeeartist.myshopify.com/products/bishop-budd-reverend-martin-luther-king-jr,,,,,,,,,,,
catalogue_item,cat_4,What Would You Do,Morning Coffee Artist,250,USD,https://morningcoffeeartist.myshopify.com/cdn/shop/files/rn-image_picker_lib_temp_7a1f890d-e225-431c-ba54-3729b1cbe9d5.jpg?v=1750442756,https://morningcoffeeartist.myshopify.com/products/what-would-you-do,,,,,,,,,,,
catalogue_item,cat_5,The Well,Morning Coffee Artist,75,USD,https://morningcoffeeartist.myshopify.com/cdn/shop/files/rn-image_picker_lib_temp_923c8c72-7552-4fd8-8224-fe62e18909ba.jpg?v=1750443254,https://morningcoffeeartist.myshopify.com/products/the-well,,,,,,,,,,,
catalogue_item,cat_6,Summer Sunset,Morning Coffee Artist,65,USD,https://morningcoffeeartist.myshopify.com/cdn/shop/files/rn-image_picker_lib_temp_2a4b3c19-0fd6-4cbf-8744-f334c06dcfa1.jpg?v=1750635332,https://morningcoffeeartist.myshopify.com/products/summer-sunset,,,,,,,,,,,
catalogue_item,cat_7,Strength and Beauty,Morning Coffee Artist,250,USD,https://morningcoffeeartist.myshopify.com/cdn/shop/files/rn-image_picker_lib_temp_7bbb1a29-b094-455d-a278-bac86c4d6300.jpg?v=1750443254,https://morningcoffeeartist.myshopify.com/products/strength,,,,,,,,,,,
catalogue_item,cat_8,Rojo Wave,Morning Coffee Artist,500,USD,https://morningcoffeeartist.myshopify.com/cdn/shop/files/rn-image_picker_lib_temp_00342091-46ff-4b1f-9841-6e743b3e03d3.jpg?v=1750442756,https://morningcoffeeartist.myshopify.com/products/rojo-wave,,,,,,,,,,,
catalogue_item,cat_9,Rise and Fall,Morning Coffee Artist,500,USD,https://morningcoffeeartist.myshopify.com/cdn/shop/files/rn-image_picker_lib_temp_73164819-29cc-4924-ba87-f1016f8d66cd.jpg?v=1750442756,https://morningcoffeeartist.myshopify.com/products/rise-and-fall,,,,,,,,,,,
catalogue_item,cat_10,Revolt,Morning Coffee Artist,500,USD,https://morningcoffeeartist.myshopify.com/cdn/shop/files/rn-image_picker_lib_temp_44871858-5596-4404-82e2-f314081f133e.jpg?v=1750443254,https://morningcoffeeartist.myshopify.com/products/revolt,,,,,,,,,,,
catalogue_item,cat_11,Retrospect,Morning Coffee Artist,500,USD,https://morningcoffeeartist.myshopify.com/cdn/shop/files/rn-image_picker_lib_temp_bf2fc151-a2ed-4b40-b558-e944b9a36c51.jpg?v=1750442756,https://morningcoffeeartist.myshopify.com/products/retrospect,,,,,,,,,,,
catalogue_item,cat_12,painting,Morning Coffee Artist,50,USD,https://morningcoffeeartist.myshopify.com/cdn/shop/files/rn-image_picker_lib_temp_ea0f693a-0066-4458-94bc-093272f13b75.jpg?v=1750442756,https://morningcoffeeartist.myshopify.com/products/untitled-jun13_19-54,,,,,,,,,,,
catalogue_item,cat_13,No Place Like Art,Morning Coffee Artist,500,USD,https://morningcoffeeartist.myshopify.com/cdn/shop/files/rn-image_picker_lib_temp_df52e93c-3242-44a5-8542-ba305f252db5.jpg?v=1750443254,https://morningcoffeeartist.myshopify.com/products/no-place-like-art,,,,,,,,,,,
catalogue_item,cat_14,Next Time,Morning Coffee Artist,500,USD,https://morningcoffeeartist.myshopify.com/cdn/shop/files/rn-image_picker_lib_temp_8c04eba0-380b-4adb-bed3-87d5be6c207b.jpg?v=1750443254,https://morningcoffeeartist.myshopify.com/products/next-time,,,,,,,,,,,
catalogue_item,cat_15,Morning Coffee Artist,Morning Coffee Artist,0,USD,https://morningcoffeeartist.myshopify.com/cdn/shop/files/rn-image_picker_lib_temp_80370a57-1b60-4970-abdb-5c6196caaf5e.jpg?v=1750441412,https://morningcoffeeartist.myshopify.com/products/morning-coffee-artist,,,,,,,,,,,
catalogue_item,cat_16,Monday Money,Morning Coffee Artist,500,USD,https://morningcoffeeartist.myshopify.com/cdn/shop/files/rn-image_picker_lib_temp_d2f10cc2-6957-4846-b536-5e62d5688351.jpg?v=1750442756,https://morningcoffeeartist.myshopify.com/products/monday-money,,,,,,,,,,,
catalogue_item,cat_17,Mississippi River Sunset,Morning Coffee Artist,0,USD,https://morningcoffeeartist.myshopify.com/cdn/shop/files/rn-image_picker_lib_temp_2cebb52e-a282-4818-a9af-abbc06e96e08.jpg?v=1750442223,https://morningcoffeeartist.myshopify.com/products/mississippi-river-sunset2,,,,,,,,,,,
catalogue_item,cat_18,LRG,Morning Coffee Artist,500,USD,https://morningcoffeeartist.myshopify.com/cdn/shop/files/rn-image_picker_lib_temp_dd02f130-d5d3-4255-a75d-1602acc56304.jpg?v=1750443254,https://morningcoffeeartist.myshopify.com/products/lrg,,,,,,,,,,,
catalogue_item,cat_19,Lemonade,Morning Coffee Artist,100,USD,https://morningcoffeeartist.myshopify.com/cdn/shop/files/rn-image_picker_lib_temp_cb1b7b1c-16ed-489f-bc86-8a1c0e3ee71d.jpg?v=1750442756,https://morningcoffeeartist.myshopify.com/products/lemonade,,,,,,,,,,,
catalogue_item,cat_20,Laser Tuned,Morning Coffee Artist,500,USD,https://morningcoffeeartist.myshopify.com/cdn/shop/files/rn-image_picker_lib_temp_06c461d1-8a24-40a9-bcf9-0e3501c5aa17.jpg?v=1750442756,https://morningcoffeeartist.myshopify.com/products/laser-tuned,,,,,,,,,,,
catalogue_item,cat_21,Jun20_13:44,Morning Coffee Artist,150,USD,https://morningcoffeeartist.myshopify.com/cdn/shop/files/rn-image_picker_lib_temp_51b596e2-26f5-408e-9e50-76c22912d50b.jpg?v=1750442224,https://morningcoffeeartist.myshopify.com/products/untitled-jun20_13-44,,,,,,,,,,,
catalogue_item,cat_22,Forcast,Morning Coffee Artist,500,USD,https://morningcoffeeartist.myshopify.com/cdn/shop/files/rn-image_picker_lib_temp_c24b25b1-efc9-424e-a0fe-c3a498e3d72f.jpg?v=1750443254,https://morningcoffeeartist.myshopify.com/products/forcast,,,,,,,,,,,
catalogue_item,cat_23,FLYING SOUTH AT SUNSET,Morning Coffee Artist,125,USD,https://morningcoffeeartist.myshopify.com/cdn/shop/files/rn-image_picker_lib_temp_a6e2b205-1eec-47b3-94d7-8622d31528bb.jpg?v=1750442224,https://morningcoffeeartist.myshopify.com/products/untitled-jun22_18-36,,,,,,,,,,,
catalogue_item,cat_24,Flying Dragon,Morning Coffee Artist,125,USD,https://morningcoffeeartist.myshopify.com/cdn/shop/files/rn-image_picker_lib_temp_a1fc714b-f372-413b-8f70-fe5ee4577dca.jpg?v=1750442756,https://morningcoffeeartist.myshopify.com/products/new-product,,,,,,,,,,,
catalogue_item,cat_25,Fahrenheit,Morning Coffee Artist,60,USD,https://morningcoffeeartist.myshopify.com/cdn/shop/files/rn-image_picker_lib_temp_7d1282e6-cc81-416c-9f35-fee1d5a2ce3c.jpg?v=1750442756,https://morningcoffeeartist.myshopify.com/products/fahrenheit,,,,,,,,,,,
catalogue_item,cat_26,Engineering,Morning Coffee Artist,500,USD,https://morningcoffeeartist.myshopify.com/cdn/shop/files/rn-image_picker_lib_temp_99553705-b203-4b6e-b79a-713b3e359054.jpg?v=1750442756,https://morningcoffeeartist.myshopify.com/products/engineering,,,,,,,,,,,
catalogue_item,cat_27,Diamond In The Rough,Morning Coffee Artist,500,USD,https://morningcoffeeartist.myshopify.com/cdn/shop/files/rn-image_picker_lib_temp_b8a43ab8-31fd-4c94-a749-63b1636dab52.jpg?v=1750443254,https://morningcoffeeartist.myshopify.com/products/diamond,,,,,,,,,,,
catalogue_item,cat_28,Deception,Morning Coffee Artist,150,USD,https://morningcoffeeartist.myshopify.com/cdn/shop/files/rn-image_picker_lib_temp_ed345e03-410d-46b7-a82b-cb956c59ed7e.jpg?v=1750442756,https://morningcoffeeartist.myshopify.com/products/deception,,,,,,,,,,,
catalogue_item,cat_29,Data Green,Morning Coffee Artist,500,USD,https://morningcoffeeartist.myshopify.com/cdn/shop/files/rn-image_picker_lib_temp_e8352e19-a77b-4f0a-bcc5-3e29fb276b14.jpg?v=1750443254,https://morningcoffeeartist.myshopify.com/products/data-green,,,,,,,,,,,
catalogue_item,cat_30,CYNTHIA ERIVO,Morning Coffee Artist,500,USD,https://morningcoffeeartist.myshopify.com/cdn/shop/files/rn-image_picker_lib_temp_c789e7b7-1cce-4bf3-b172-1d0fccf8ba77.jpg?v=1750443254,https://morningcoffeeartist.myshopify.com/products/cynthia-erivo,,,,,,,,,,,
catalogue_item,cat_31,By Product,Morning Coffee Artist,250,USD,https://morningcoffeeartist.myshopify.com/cdn/shop/files/rn-image_picker_lib_temp_d24cb0b4-d692-4056-8abc-e85a5847fd01.jpg?v=1750443254,https://morningcoffeeartist.myshopify.com/products/by-product,,,,,,,,,,,
catalogue_item,cat_32,Butter Fly Tree,Morning Coffee Artist,500,USD,https://morningcoffeeartist.myshopify.com/cdn/shop/files/rn-image_picker_lib_temp_38772f71-cb91-46a5-addf-535ea8d6c207.jpg?v=1750443254,https://morningcoffeeartist.myshopify.com/products/butter-fly-tree,,,,,,,,,,,
catalogue_item,cat_33,Business Card,Morning Coffee Artist,50,USD,https://morningcoffeeartist.myshopify.com/cdn/shop/files/rn-image_picker_lib_temp_9b376652-a97a-417a-9f8b-4902385cdba6.jpg?v=1752306224,https://morningcoffeeartist.myshopify.com/products/business,,,,,,,,,,,
catalogue_item,cat_34,A Splash in Time,Morning Coffee Artist,0,USD,https://morningcoffeeartist.myshopify.com/cdn/shop/files/rn-image_picker_lib_temp_6f50cf47-1df7-4bb8-aeec-cbe450d4d8df.jpg?v=1750442756,https://morningcoffeeartist.myshopify.com/products/a-splash-in-time,,,,,,,,,,,
catalogue_item,cat_35,"40,000 FT ABOVE BRAZIL",Morning Coffee Artist,0,USD,https://morningcoffeeartist.myshopify.com/cdn/shop/files/rn-image_picker_lib_temp_e5de26a4-c68f-4337-8026-069a030df2de.jpg?v=1750442224,https://morningcoffeeartist.myshopify.com/products/untitled-jun21_14-54,,,,,,,,,,,
catalogue_item,cat_36,3rd Shift,Morning Coffee Artist,0,USD,https://morningcoffeeartist.myshopify.com/cdn/shop/files/rn-image_picker_lib_temp_03618faf-0cad-4262-82f9-1fd51931e2b3.jpg?v=1750442756,https://morningcoffeeartist.myshopify.com/products/3rd-shift,,,,,,,,,,,
artwork,art_mihpe1tn_iheejq,Business Card,Morning Coffee Artist,50,USD,https://morningcoffeeartist.myshopify.com/cdn/shop/files/rn-image_picker_lib_temp_9b376652-a97a-417a-9f8b-4902385cdba6.jpg?v=1752306224,https://morningcoffeeartist.myshopify.com/products/business,,main-gallery,main-gallery-8hn5,main-gallery:back-2,Back Center Wall,cat_33,26.63,36,0.9144,classic,1
artwork,art_mihpgf9q_8ds291,Business Card,Morning Coffee Artist,50,USD,https://morningcoffeeartist.myshopify.com/cdn/shop/files/rn-image_picker_lib_temp_9b376652-a97a-417a-9f8b-4902385cdba6.jpg?v=1752306224,https://morningcoffeeartist.myshopify.com/products/business,,main-gallery,main-gallery-8hn5,main-gallery:back-3,Back Right Wall,cat_33,26.63,36,0.9144,classic,1
artwork,art_mihpji0k_tan8km,Business Card,Morning Coffee Artist,50,USD,https://morningcoffeeartist.myshopify.com/cdn/shop/files/rn-image_picker_lib_temp_9b376652-a97a-417a-9f8b-4902385cdba6.jpg?v=1752306224,https://morningcoffeeartist.myshopify.com/products/business,,main-gallery,main-gallery-8hn5,main-gallery:left-1,Left Front Wall,cat_33,26.63,36,0.9144,classic,1
artwork,art_mihpl1sk_5jnoq8,Business Card,Morning Coffee Artist,50,USD,https://morningcoffeeartist.myshopify.com/cdn/shop/files/rn-image_picker_lib_temp_9b376652-a97a-417a-9f8b-4902385cdba6.jpg?v=1752306224,https://morningcoffeeartist.myshopify.com/products/business,,main-gallery,main-gallery-8hn5,main-gallery:left-2,Left Back Wall,cat_33,26.63,36,0.9144,classic,1
artwork,art_mihpthxw_kp54ea,Business Card,Morning Coffee Artist,50,USD,https://morningcoffeeartist.myshopify.com/cdn/shop/files/rn-image_picker_lib_temp_9b376652-a97a-417a-9f8b-4902385cdba6.jpg?v=1752306224,https://morningcoffeeartist.myshopify.com/products/business,,main-gallery,morning-coffee-main-gallery-rrdz,main-gallery:right-1,Right Front Wall,cat_33,26.63,36,0.9144,classic,1
artwork,art_mihw6uad_ukc0eu,"40,000 FT ABOVE BRAZIL",Morning Coffee Artist,150,USD,https://morningcoffeeartist.myshopify.com/cdn/shop/files/rn-image_picker_lib_temp_e5de26a4-c68f-4337-8026-069a030df2de.jpg?v=1750442224,https://morningcoffeeartist.myshopify.com/products/untitled-jun21_14-54,"A.M.HASSAN Acrylic painting 20"" x 16""",contemporary-wing,morning-coffee-main-gallery-1c9b,contemporary-wing:north-2,Lightwell,cat_35,16.62,36,0.9144,classic,1
artwork,art_mihw8i6v_iyl9ba,Butter Fly Tree,Morning Coffee Artist,50,USD,https://morningcoffeeartist.myshopify.com/cdn/shop/files/rn-image_picker_lib_temp_38772f71-cb91-46a5-addf-535ea8d6c207.jpg?v=1750443254,https://morningcoffeeartist.myshopify.com/products/butter-fly-tree,Created by Cheryl Harris - acrylic mixed media,contemporary-wing,morning-coffee-main-gallery-1c9b,contemporary-wing:north-3,Glass Passage,cat_32,27,36,0.9144,classic,1
artwork,art_mihwajw4_ugdv7g,CYNTHIA ERIVO,Morning Coffee Artist,500,USD,https://morningcoffeeartist.myshopify.com/cdn/shop/files/rn-image_picker_lib_temp_c789e7b7-1cce-4bf3-b172-1d0fccf8ba77.jpg?v=1750443254,https://morningcoffeeartist.myshopify.com/products/cynthia-erivo,,contemporary-wing,morning-coffee-main-gallery-1c9b,contemporary-wing:west-1,Chromatic Stack,cat_30,27,36,0.9144,classic,1
artwork,art_miibf6oe_hbvg0c,Diamond in the Rough card,Morning Coffee Artist,2,USD,https://morningcoffeeartist.myshopify.com/cdn/shop/files/rn-image_picker_lib_temp_c2179723-9d37-4aa8-ba9e-f722688f807b.jpg?v=1752939675,https://morningcoffeeartist.myshopify.com/products/diamond-in-the-rough-card,,contemporary-wing,contemporary-wing,contemporary-wing:west-2,Cascade Wall,cat_1,25.16,36,0.9144,classic,1
artwork,art_mij6yv3i_on0cze,Next Time,Morning Coffee Artist,500,USD,https://morningcoffeeartist.myshopify.com/cdn/shop/files/rn-image_picker_lib_temp_8c04eba0-380b-4adb-bed3-87d5be6c207b.jpg?v=1750443254,https://morningcoffeeartist.myshopify.com/products/next-time,Edwin Lockridge Acrylic Mixed Media,main-gallery,morning-coffee-main-gallery-1c9b,main-gallery:back-1,Back Left Wall,cat_14,15,20,0.508,classic,1
artwork,art_mij7456o_fzoc2i,Next Time,Morning Coffee Artist,500,USD,https://morningcoffeeartist.myshopify.com/cdn/shop/files/rn-image_picker_lib_temp_8c04eba0-380b-4adb-bed3-87d5be6c207b.jpg?v=1750443254,https://morningcoffeeartist.myshopify.com/products/next-time,,main-gallery,morning-coffee-main-gallery-1c9b,main-gallery:right-2,Right Back Wall,cat_14,27,36,0.9144,classic,1
artwork,art_mij7twph_g2f5a8,LRG,Morning Coffee Artist,500,USD,https://morningcoffeeartist.myshopify.com/cdn/shop/files/rn-image_picker_lib_temp_dd02f130-d5d3-4255-a75d-1602acc56304.jpg?v=1750443254,https://morningcoffeeartist.myshopify.com/products/lrg,Edwin Lockridge Acrylic Mixed Media,contemporary-wing,morning-coffee-main-gallery-rrdz,contemporary-wing:north-1,Skyline Panel,cat_18,18,24,0.61,classic,1
artwork,art_mij89pez_cg5ibx,By Product,Morning Coffee Artist,250,USD,https://morningcoffeeartist.myshopify.com/cdn/shop/files/rn-image_picker_lib_temp_d24cb0b4-d692-4056-8abc-e85a5847fd01.jpg?v=1750443254,https://morningcoffeeartist.myshopify.com/products/by-product,"Edwin Lockridge Acrylic Mix Media 20"" x 16"" $500.00",contemporary-wing,morning-coffee-main-gallery-rrdz,contemporary-wing:east-1,Spectrum Drift,cat_31,15,20,0.508,classic,1
artwork,art_mij8hhzo_1beqg9,Next Time,Morning Coffee Artist,500,USD,https://morningcoffeeartist.myshopify.com/cdn/shop/files/rn-image_picker_lib_temp_8c04eba0-380b-4adb-bed3-87d5be6c207b.jpg?v=1750443254,https://morningcoffeeartist.myshopify.com/products/next-time,,contemporary-wing,contemporary-wing,contemporary-wing:east-2,Neon Strata,cat_14,27,36,0.9144,classic,1
artwork,art_mij8lg23_aioqrg,LRG,Morning Coffee Artist,500,USD,https://morningcoffeeartist.myshopify.com/cdn/shop/files/rn-image_picker_lib_temp_dd02f130-d5d3-4255-a75d-1602acc56304.jpg?v=1750443254,https://morningcoffeeartist.myshopify.com/products/lrg,,main-gallery,morning-coffee-main-gallery-1c9b,main-gallery:floor-1,Front Left,cat_18,27,36,0.9144,classic,1
artwork,art_mij8pw5o_j581dq,Morning Coffee Artist,Morning Coffee Artist,0,USD,https://morningcoffeeartist.myshopify.com/cdn/shop/files/rn-image_picker_lib_temp_80370a57-1b60-4970-abdb-5c6196caaf5e.jpg?v=1750441412,https://morningcoffeeartist.myshopify.com/products/morning-coffee-artist,,main-gallery,morning-coffee-main-gallery-1c9b,main-gallery:floor-2,Front Center,cat_15,16.62,36,0.9144,classic,1
artwork,art_mij98so8_hauqqc,Business Card,Morning Coffee Artist,50,USD,https://morningcoffeeartist.myshopify.com/cdn/shop/files/rn-image_picker_lib_temp_9b376652-a97a-417a-9f8b-4902385cdba6.jpg?v=1752306224,https://morningcoffeeartist.myshopify.com/products/business,,main-gallery,morning-coffee-main-gallery-3x46,main-gallery:floor-3,Front Right,cat_33,26.63,36,0.9144,classic,1
artwork,art_mijfh6c2_rmybvm,Diamond in the Rough card,Morning Coffee Artist,2,USD,https://morningcoffeeartist.myshopify.com/cdn/shop/files/rn-image_picker_lib_temp_c2179723-9d37-4aa8-ba9e-f722688f807b.jpg?v=1752939675,https://morningcoffeeartist.myshopify.com/products/diamond-in-the-rough-card,,contemporary-wing,main-gallery,contemporary-wing:floor-1,Atrium Plinth,cat_1,25.16,36,0.9144,classic,1
artwork,art_mijfontc_djdm28,Our Lives Are As An Unwritten Song,Morning Coffee Artist,40,USD,https://morningcoffeeartist.myshopify.com/cdn/shop/files/rn-image_picker_lib_temp_7d0ab824-694c-405e-ae6b-0e92fe32bbfa.jpg?v=1753160311,https://morningcoffeeartist.myshopify.com/products/our-lives-are-as-an-unwritten-song-1,,main-gallery,main-gallery,main-gallery:floor-5,Rear Right,cat_2,16.62,36,0.9144,classic,1
artwork,art_mijhreu3_52q9ho,No Place Like Art,Morning Coffee Artist,500,USD,https://morningcoffeeartist.myshopify.com/cdn/shop/files/rn-image_picker_lib_temp_df52e93c-3242-44a5-8542-ba305f252db5.jpg?v=1750443254,https://morningcoffeeartist.myshopify.com/products/no-place-like-art,,contemporary-wing,contemporary-wing,contemporary-wing:floor-3,Aurora Base,cat_13,27,36,0.9144,classic,1
artwork,art_mijls6qz_6tctm2,LRG,Morning Coffee Artist,500,USD,https://morningcoffeeartist.myshopify.com/cdn/shop/files/rn-image_picker_lib_temp_dd02f130-d5d3-4255-a75d-1602acc56304.jpg?v=1750443254,https://morningcoffeeartist.myshopify.com/products/lrg,,contemporary-wing,contemporary-wing,contemporary-wing:floor-5,Light Pool,cat_18,27,36,0.9144,classic,1
artwork,art_mijlsciu_xqadzo,LRG,Morning Coffee Artist,500,USD,https://morningcoffeeartist.myshopify.com/cdn/shop/files/rn-image_picker_lib_temp_dd02f130-d5d3-4255-a75d-1602acc56304.jpg?v=1750443254,https://morningcoffeeartist.myshopify.com/products/lrg,,contemporary-wing,contemporary-wing,contemporary-wing:floor-2,Reflective Stage,cat_18,27,36,0.9144,classic,1
artwork,art_mijqiz7s_c8vozr,What Would You Do,Morning Coffee Artist,250,USD,https://morningcoffeeartist.myshopify.com/cdn/shop/files/rn-image_picker_lib_temp_7a1f890d-e225-431c-ba54-3729b1cbe9d5.jpg?v=1750442756,https://morningcoffeeartist.myshopify.com/products/what-would-you-do,,contemporary-wing,contemporary-wing,contemporary-wing:floor-4,Sculpture Garden,cat_4,16.62,36,0.9144,classic,1
artwork,art_mijqj74z_e9ab4p,Summer Sunset,Morning Coffee Artist,65,USD,https://morningcoffeeartist.myshopify.com/cdn/shop/files/rn-image_picker_lib_temp_2a4b3c19-0fd6-4cbf-8744-f334c06dcfa1.jpg?v=1750635332,https://morningcoffeeartist.myshopify.com/products/summer-sunset,,main-gallery,contemporary-wing,main-gallery:floor-center,Center Stage,cat_6,16.62,36,0.9144,classic,1
artwork,art_mijrjnqp_3p8hy9,Mississippi River Sunset,Morning Coffee Artist,0,USD,https://morningcoffeeartist.myshopify.com/cdn/shop/files/rn-image_picker_lib_temp_2cebb52e-a282-4818-a9af-abbc06e96e08.jpg?v=1750442223,https://morningcoffeeartist.myshopify.com/products/mississippi-river-sunset2,,contemporary-wing,contemporary-wing,contemporary-wing:1,1,cat_17,16.62,36,0.9144,classic,1
artwork,art_mijrjtum_ob1vdw,Mississippi River Sunset,Morning Coffee Artist,0,USD,https://morningcoffeeartist.myshopify.com/cdn/shop/files/rn-image_picker_lib_temp_2cebb52e-a282-4818-a9af-abbc06e96e08.jpg?v=1750442223,https://morningcoffeeartist.myshopify.com/products/mississippi-river-sunset2,,contemporary-wing,contemporary-wing,contemporary-wing:10,10,cat_17,16.62,36,0.9144,classic,1
artwork,art_mijrk267_bai5ie,LRG,Morning Coffee Artist,500,USD,https://morningcoffeeartist.myshopify.com/cdn/shop/files/rn-image_picker_lib_temp_dd02f130-d5d3-4255-a75d-1602acc56304.jpg?v=1750443254,https://morningcoffeeartist.myshopify.com/products/lrg,,contemporary-wing,contemporary-wing,contemporary-wing:11,11,cat_18,27,36,0.9144,classic,1
artwork,art_mijrw2ld_72uw7j,Revolt,Morning Coffee Artist,500,USD,https://morningcoffeeartist.myshopify.com/cdn/shop/files/rn-image_picker_lib_temp_44871858-5596-4404-82e2-f314081f133e.jpg?v=1750443254,https://morningcoffeeartist.myshopify.com/products/revolt,,contemporary-wing,contemporary-wing,contemporary-wing:12,12,cat_10,27,36,0.9144,classic,1
artwork,art_mijt6iax_wn8vmn,Rise and Fall,Morning Coffee Artist,500,USD,https://morningcoffeeartist.myshopify.com/cdn/shop/files/rn-image_picker_lib_temp_73164819-29cc-4924-ba87-f1016f8d66cd.jpg?v=1750442756,https://morningcoffeeartist.myshopify.com/products/rise-and-fall,,contemporary-wing,contemporary-wing,contemporary-wing:2,Contemporary Wing - 2,cat_9,16.62,36,0.9144,classic,1
artwork,art_mirrfs7q_5uiu3t,Our Lives Are As An Unwritten Song,Morning Coffee Artist,40,USD,https://morningcoffeeartist.myshopify.com/cdn/shop/files/rn-image_picker_lib_temp_7d0ab824-694c-405e-ae6b-0e92fe32bbfa.jpg?v=1753160311,https://morningcoffeeartist.myshopify.com/products/our-lives-are-as-an-unwritten-song-1,,contemporary-wing,main-gallery,contemporary-wing:13,Contemporary Wing - 13,cat_2,16.62,36,0.9144,classic,1
artwork,art_mirrfxwq_3jq94z,Lemonade,Morning Coffee Artist,100,USD,https://morningcoffeeartist.myshopify.com/cdn/shop/files/rn-image_picker_lib_temp_cb1b7b1c-16ed-489f-bc86-8a1c0e3ee71d.jpg?v=1750442756,https://morningcoffeeartist.myshopify.com/products/lemonade,,contemporary-wing,main-gallery,contemporary-wing:3,Contemporary Wing - 3,cat_19,16.62,36,0.9144,classic,1
artwork,art_mirryjah_ml4u8x,Diamond in the Rough card,Morning Coffee Artist,2,USD,https://morningcoffeeartist.myshopify.com/cdn/shop/files/rn-image_picker_lib_temp_c2179723-9d37-4aa8-ba9e-f722688f807b.jpg?v=1752939675,https://morningcoffeeartist.myshopify.com/products/diamond-in-the-rough-card,,contemporary-wing,daniel-holmes-wwlf,contemporary-wing:4,Contemporary Wing - 4,cat_1,25.16,36,0.9144,classic,1
artwork,art_mirs21ah_ekt2fe,LRG,Morning Coffee Artist,500,USD,https://morningcoffeeartist.myshopify.com/cdn/shop/files/rn-image_picker_lib_temp_dd02f130-d5d3-4255-a75d-1602acc56304.jpg?v=1750443254,https://morningcoffeeartist.myshopify.com/products/lrg,,contemporary-wing,daniel-holmes-wwlf,contemporary-wing:5,Contemporary Wing - 5,cat_18,27,36,0.9144,classic,1
artwork,art_mirs312b_9fftc9,LRG,Morning Coffee Artist,500,USD,https://morningcoffeeartist.myshopify.com/cdn/shop/files/rn-image_picker_lib_temp_dd02f130-d5d3-4255-a75d-1602acc56304.jpg?v=1750443254,https://morningcoffeeartist.myshopify.com/products/lrg,,contemporary-wing,daniel-holmes-wwlf,contemporary-wing:6,Contemporary Wing - 6,cat_18,27,36,0.9144,classic,1
artwork,art_mirt4dqp_63l9ok,Rise and Fall,Morning Coffee Artist,500,USD,https://morningcoffeeartist.myshopify.com/cdn/shop/files/rn-image_picker_lib_temp_73164819-29cc-4924-ba87-f1016f8d66cd.jpg?v=1750442756,https://morningcoffeeartist.myshopify.com/products/rise-and-fall,,contemporary-wing,daniel-holmes-wwlf,contemporary-wing:7,Contemporary Wing - 7,cat_9,16.62,36,0.9144,classic,1
artwork,art_mirt4tfz_hzmae1,Rojo Wave,Morning Coffee Artist,500,USD,https://morningcoffeeartist.myshopify.com/cdn/shop/files/rn-image_picker_lib_temp_00342091-46ff-4b1f-9841-6e743b3e03d3.jpg?v=1750442756,https://morningcoffeeartist.myshopify.com/products/rojo-wave,,contemporary-wing,daniel-holmes-wwlf,contemporary-wing:8,Contemporary Wing - 8,cat_8,16.62,36,0.9144,classic,1
artwork,art_mirte8pm_1ni0d8,Rojo Wave,Morning Coffee Artist,500,USD,https://morningcoffeeartist.myshopify.com/cdn/shop/files/rn-image_picker_lib_temp_00342091-46ff-4b1f-9841-6e743b3e03d3.jpg?v=1750442756,https://morningcoffeeartist.myshopify.com/products/rojo-wave,,contemporary-wing,contemporary-wing,contemporary-wing:9,Contemporary Wing - 9,cat_8,16.62,36,0.9144,classic,1
artwork,art_miru0eib_mtdc1k,Diamond in the Rough card,Morning Coffee Artist,2,USD,https://morningcoffeeartist.myshopify.com/cdn/shop/files/rn-image_picker_lib_temp_c2179723-9d37-4aa8-ba9e-f722688f807b.jpg?v=1752939675,https://morningcoffeeartist.myshopify.com/products/diamond-in-the-rough-card,,daniel-holmes-two-nbz7,contemporary-wing,daniel-holmes-two-nbz7:1,Daniel Holmes: Two - 1,cat_1,25.16,36,0.9144,classic,1
artwork,art_miru88ju_2joa6l,Bishop Budd & Reverend Martin Luther King JR,Morning Coffee Artist,2,USD,https://morningcoffeeartist.myshopify.com/cdn/shop/files/rn-image_picker_lib_temp_08c3035b-f822-4fe0-8eb7-f04af51c667a.jpg?v=1753160661,https://morningcoffeeartist.myshopify.com/products/bishop-budd-reverend-martin-luther-king-jr,,daniel-holmes-two-nbz7,mo-gwsp,daniel-holmes-two-nbz7:10,Daniel Holmes: Two - 10,cat_3,48.74,36,0.9144,classic,1
artwork,art_mirves6f_ita8bw,painting,Morning Coffee Artist,50,USD,https://morningcoffeeartist.myshopify.com/cdn/shop/files/rn-image_picker_lib_temp_ea0f693a-0066-4458-94bc-093272f13b75.jpg?v=1750442756,https://morningcoffeeartist.myshopify.com/products/untitled-jun13_19-54,,daniel-holmes-two-nbz7,daniel-holmes-wwlf,daniel-holmes-two-nbz7:11,Daniel Holmes: Two - 11,cat_12,16.62,36,0.9144,classic,1
artwork,art_mirw5wxt_dcjadc,Strength and Beauty,Morning Coffee Artist,250,USD,https://morningcoffeeartist.myshopify.com/cdn/shop/files/rn-image_picker_lib_temp_7bbb1a29-b094-455d-a278-bac86c4d6300.jpg?v=1750443254,https://morningcoffeeartist.myshopify.com/products/strength,,daniel-holmes-two-nbz7,daniel-holmes-wwlf,daniel-holmes-two-nbz7:12,Daniel Holmes: Two - 12,cat_7,27,36,0.9144,classic,1
artwork,art_mirwcv0i_7q9kg6,Laser Tuned,Morning Coffee Artist,500,USD,https://morningcoffeeartist.myshopify.com/cdn/shop/files/rn-image_picker_lib_temp_06c461d1-8a24-40a9-bcf9-0e3501c5aa17.jpg?v=1750442756,https://morningcoffeeartist.myshopify.com/products/laser-tuned,,main-gallery,daniel-holmes-wwlf,main-gallery:1,Main Gallery - 1,cat_20,16.62,36,0.9144,classic,1
artwork,art_mirwd2kq_qgrwkt,LRG,Morning Coffee Artist,500,USD,https://morningcoffeeartist.myshopify.com/cdn/shop/files/rn-image_picker_lib_temp_dd02f130-d5d3-4255-a75d-1602acc56304.jpg?v=1750443254,https://morningcoffeeartist.myshopify.com/products/lrg,,main-gallery,daniel-holmes-wwlf,main-gallery:10,Main Gallery - 10,cat_18,27,36,0.9144,classic,1
artwork,art_mirwdaow_f2jdfe,Mississippi River Sunset,Morning Coffee Artist,0,USD,https://morningcoffeeartist.myshopify.com/cdn/shop/files/rn-image_picker_lib_temp_2cebb52e-a282-4818-a9af-abbc06e96e08.jpg?v=1750442223,https://morningcoffeeartist.myshopify.com/products/mississippi-river-sunset2,,main-gallery,daniel-holmes-wwlf,main-gallery:11,Main Gallery - 11,cat_17,16.62,36,0.9144,classic,1
artwork,art_mirykcub_v05a24,No Place Like Art,Morning Coffee Artist,500,USD,https://morningcoffeeartist.myshopify.com/cdn/shop/files/rn-image_picker_lib_temp_df52e93c-3242-44a5-8542-ba305f252db5.jpg?v=1750443254,https://morningcoffeeartist.myshopify.com/products/no-place-like-art,,daniel-holmes-two-nbz7,mo-gwsp,daniel-holmes-two-nbz7:2,Daniel Holmes: Two - 2,cat_13,27,36,0.9144,classic,1
artwork,art_miryqmny_6if01g,No Place Like Art,Morning Coffee Artist,500,USD,https://morningcoffeeartist.myshopify.com/cdn/shop/files/rn-image_picker_lib_temp_df52e93c-3242-44a5-8542-ba305f252db5.jpg?v=1750443254,https://morningcoffeeartist.myshopify.com/products/no-place-like-art,,daniel-holmes-two-nbz7,mo-gwsp,daniel-holmes-two-nbz7:3,Daniel Holmes: Two - 3,cat_13,27,36,0.9144,classic,1
artwork,art_miryrtz6_phlrgk,LRG,Morning Coffee Artist,500,USD,https://morningcoffeeartist.myshopify.com/cdn/shop/files/rn-image_picker_lib_temp_dd02f130-d5d3-4255-a75d-1602acc56304.jpg?v=1750443254,https://morningcoffeeartist.myshopify.com/products/lrg,,daniel-holmes-two-nbz7,mo-gwsp,daniel-holmes-two-nbz7:4,Daniel Holmes: Two - 4,cat_18,27,36,0.9144,classic,1
artwork,art_mirz3wn4_1nvcif,LRG,Morning Coffee Artist,500,USD,https://morningcoffeeartist.myshopify.com/cdn/shop/files/rn-image_picker_lib_temp_dd02f130-d5d3-4255-a75d-1602acc56304.jpg?v=1750443254,https://morningcoffeeartist.myshopify.com/products/lrg,,daniel-holmes-two-nbz7,daniel-holmes-wwlf,daniel-holmes-two-nbz7:5,Daniel Holmes: Two - 5,cat_18,27,36,0.9144,classic,1
artwork,art_mirz98jh_gvk2ai,Monday Money,Morning Coffee Artist,500,USD,https://morningcoffeeartist.myshopify.com/cdn/shop/files/rn-image_picker_lib_temp_d2f10cc2-6957-4846-b536-5e62d5688351.jpg?v=1750442756,https://morningcoffeeartist.myshopify.com/products/monday-money,,daniel-holmes-two-nbz7,daniel-holmes-wwlf,daniel-holmes-two-nbz7:6,Daniel Holmes: Two - 6,cat_16,16.62,36,0.9144,classic,1
artwork,art_mis058c0_9rsgeb,No Place Like Art,Morning Coffee Artist,500,USD,https://morningcoffeeartist.myshopify.com/cdn/shop/files/rn-image_picker_lib_temp_df52e93c-3242-44a5-8542-ba305f252db5.jpg?v=1750443254,https://morningcoffeeartist.myshopify.com/products/no-place-like-art,,main-gallery,daniel-holmes-wwlf,main-gallery:2,Main Gallery - 2,cat_13,27,36,0.9144,classic,1
artwork,art_mit84qv4_r9ilk1,LRG,Morning Coffee Artist,500,USD,https://morningcoffeeartist.myshopify.com/cdn/shop/files/rn-image_picker_lib_temp_dd02f130-d5d3-4255-a75d-1602acc56304.jpg?v=1750443254,https://morningcoffeeartist.myshopify.com/products/lrg,,main-gallery,mo-gwsp,main-gallery:3,Main Gallery - 3,cat_18,27,36,0.9144,classic,1
artwork,art_mit86bpo_vd21qm,Diamond in the Rough,Morning Coffee Artist,2,USD,https://morningcoffeeartist.myshopify.com/cdn/shop/files/rn-image_picker_lib_temp_c2179723-9d37-4aa8-ba9e-f722688f807b.jpg?v=1752939675,https://morningcoffeeartist.myshopify.com/products/diamond-in-the-rough-card,"Daniel Holmes Acrylic Pour Paint / Painting to poem to song $150.00",main-gallery,main-gallery,main-gallery:12,Main Gallery - 12,cat_1,25.16,36,0.9144,classic,1
artwork,art_mit891om_yk737a,Laser Tuned,Morning Coffee Artist,500,USD,https://morningcoffeeartist.myshopify.com/cdn/shop/files/rn-image_picker_lib_temp_06c461d1-8a24-40a9-bcf9-0e3501c5aa17.jpg?v=1750442756,https://morningcoffeeartist.myshopify.com/products/laser-tuned,,main-gallery,mo-gwsp,main-gallery:1,Main Gallery - 1,cat_20,16.62,36,0.9144,classic,1
artwork,art_mit8qwv3_5uiyrw,Business Card,Morning Coffee Artist,50,USD,https://morningcoffeeartist.myshopify.com/cdn/shop/files/rn-image_picker_lib_temp_9b376652-a97a-417a-9f8b-4902385cdba6.jpg?v=1752306224,https://morningcoffeeartist.myshopify.com/products/business,"Morning Coffee Artist Daniel Holmes, A.M.HASSAN, Edwin Lockridge, Cheryl Harris. Ellie Kane, David Cline ( Clincasso ), Teri Palmer",main-gallery,main-gallery,main-gallery:3,Main Gallery - 3,cat_33,26.63,36,0.9144,classic,1
artwork,art_mit8zqwa_urf3s0,Butter Fly Tree,Morning Coffee Artist,500,USD,https://morningcoffeeartist.myshopify.com/cdn/shop/files/rn-image_picker_lib_temp_38772f71-cb91-46a5-addf-535ea8d6c207.jpg?v=1750443254,https://morningcoffeeartist.myshopify.com/products/butter-fly-tree,Mix Media Acrylic,main-gallery,main-gallery,main-gallery:9,Main Gallery - 9,cat_32,7.5,10,0.254,classic,1
artwork,art_mit94jmq_7sc810,LRG,Morning Coffee Artist,500,USD,https://morningcoffeeartist.myshopify.com/cdn/shop/files/rn-image_picker_lib_temp_dd02f130-d5d3-4255-a75d-1602acc56304.jpg?v=1750443254,https://morningcoffeeartist.myshopify.com/products/lrg,"Edwin Lockridge Mix Media 36"" x 24"" $ 500.00",main-gallery,main-gallery,main-gallery:8,Main Gallery - 8,cat_18,18,24,0.61,classic,1
artwork,art_mit9v5tm_89i64f,Our Lives Are As An Unwritten Song,Morning Coffee Artist,40,USD,https://morningcoffeeartist.myshopify.com/cdn/shop/files/rn-image_picker_lib_temp_7d0ab824-694c-405e-ae6b-0e92fe32bbfa.jpg?v=1753160311,https://morningcoffeeartist.myshopify.com/products/our-lives-are-as-an-unwritten-song-1,"Painting to poem to song Written By Daniel Holmes Lyrics by Daniel Holmes Melody By Belmont University located on youtube and 150 more networks facebook instagram ect.Like and Subscribe $ 75.00",main-gallery,main-gallery,main-gallery:4,Main Gallery - 4,cat_2,9.23,20,0.508,classic,1
artwork,art_mitaqqg8_a73rzk,Summer Sunset,Morning Coffee Artist,65,USD,https://morningcoffeeartist.myshopify.com/cdn/shop/files/rn-image_picker_lib_temp_2a4b3c19-0fd6-4cbf-8744-f334c06dcfa1.jpg?v=1750635332,https://morningcoffeeartist.myshopify.com/products/summer-sunset,A.M.Hassan Acrylic Painting $ 65.00,main-gallery,main-gallery,main-gallery:5,Main Gallery - 5,cat_6,16.62,36,0.9144,classic,1
artwork,art_mitblzk8_njuj7e,Rise and Fall,Morning Coffee Artist,500,USD,https://morningcoffeeartist.myshopify.com/cdn/shop/files/rn-image_picker_lib_temp_73164819-29cc-4924-ba87-f1016f8d66cd.jpg?v=1750442756,https://morningcoffeeartist.myshopify.com/products/rise-and-fall,"Edwin Lockridge Mix Media 20"" x 16"" $500.00",main-gallery,main-gallery,main-gallery:6,Main Gallery - 6,cat_9,9.23,20,0.508,classic,1
artwork,art_mitbtqzu_r1jtk2,Morning Coffee Artist,Morning Coffee Artist,0,USD,https://morningcoffeeartist.myshopify.com/cdn/shop/files/rn-image_picker_lib_temp_80370a57-1b60-4970-abdb-5c6196caaf5e.jpg?v=1750441412,https://morningcoffeeartist.myshopify.com/products/morning-coffee-artist,Morning Coffee Artist Voices Of Resilience Nashville Homeless Choir,main-gallery,main-gallery,main-gallery:7,Main Gallery - 7,cat_15,9.23,20,0.508,classic,1
artwork,art_mitcupmt_jqs9c7,Strength and Beauty,Morning Coffee Artist,250,USD,https://morningcoffeeartist.myshopify.com/cdn/shop/files/rn-image_picker_lib_temp_7bbb1a29-b094-455d-a278-bac86c4d6300.jpg?v=1750443254,https://morningcoffeeartist.myshopify.com/products/strength,"Daniel Holmes Edwin Lockridge Mix Media 24"" x 18"" $250.00",main-gallery,main-gallery,main-gallery:1,Main Gallery - 1,cat_7,18,24,0.61,classic,1
gallery,daniel-holmes-wwlf,Gallery 1,,,,,,,,main-gallery,,,,,,,,
gallery,contemporary-wing,New Gallery,,,,,,,,,,,,,,,,
